"","Stage","Choice","Frac/Yield","Evaluated Mass (kg)","Specific Energy (MJ/kg)","Embodied Energy (MJ/part)"
"1","Fiber","Commodity PAN, 24k Tow","0.228086419753086",0.48,"1166",561.05
"2","Primary Matrix","TP Polypropylene","0.532201646090535",1.12,"75.8",85.1
"3","Additional Matrix Material","Not Used","0",0,"0",0
"4","Additional Matrix Material","Not Used","0",0,"0",0
"5","Additional Matrix Material","Not Used","0",0,"0",0
"6","Insert","CFRP - Prepreg Insert","0.239711934156379",0.48,"1056",507.32
"7","Insert","Not Used","0",0,"0",0
"8","Materials Total"," ","1",2.08,"----",1153.47
"9","Intermediate","SMC","0.95",0.48,"12",5.77
"10","Molding","Injection Molding","0.97",2,"11",22.05
"11","Curing","Cures in Mold"," -- ",2,"0",0
"12","Finishing","None","1",1.94,"0",0
"13","Processes Total"," ","0.9215",1.94,"----",27.82
