"","Stage","Choice","Frac/Yield","Evaluated Mass (kg)","Specific Energy (MJ/kg)","Embodied Energy (MJ/part)"
"1","Fiber","E-Glass Fiber","0.219334532374101",0.53,"50",26.47
"2","Primary Matrix","TP Polypropylene","0.511780575539568",1.24,"75.8",93.63
"3","Additional Matrix Material","Not Used","0",0,"0",0
"4","Additional Matrix Material","Not Used","0",0,"0",0
"5","Additional Matrix Material","Not Used","0",0,"0",0
"6","Insert","GFRP - Prepreg Insert","0.268884892086331",0.62,"97",59.8
"7","Insert","Not Used","0",0,"0",0
"8","Materials Total"," ","1",2.38,"----",179.89
"9","Intermediate","SMC","0.95",0.53,"12",6.35
"10","Molding","Injection Molding","0.97",2.29,"11",25.22
"11","Curing","Cures in Mold"," -- ",2.29,"0",0
"12","Finishing","None","1",2.22,"0",0
"13","Processes Total"," ","0.9215",2.22,"----",31.57
